tomcat1445@rambler.ru,goat1900@yandex.ru
shad1632@rambler.ru,javelin1190@rambler.ru
tomcat1445@rambler.ru,seal969@rambler.ru
sparrow266@rambler.ru,penguin271@gmail.com
javelin1190@rambler.ru,stinkbug1534@gmail.com
hound939@rambler.ru,hound939@rambler.ru
mako1332@rambler.ru,jennet1378@rambler.ru
seal969@rambler.ru,hound939@rambler.ru
meerkat1748@yandex.ru,dodo1064@mail.ru
sparrow266@rambler.ru,sawfish344@rambler.ru
mako1332@rambler.ru,mosquito371@mail.ru
mosquito371@mail.ru,hound939@rambler.ru
yeti1888@rambler.ru,prawn1755@rambler.ru
goat1900@yandex.ru,kit1627@rambler.ru
lion625@mail.ru,jay21@rambler.ru
